provinsi,wilayah,kecamatan,kelurahan,kode_kantor,nama_kantor,jenis,alamat
Daerah Khusus Ibukota Jakarta,Jakarta Pusat,Sawah Besar,Pasar Baru,10000,Jakarta Pusat,KPRK,Jl. Lapangan Banteng Utara No. 1
Daerah Khusus Ibukota Jakarta,Jakarta Pusat,Gambir,Gambir,10110A,Jakarta Pusat Hankam,KPCDK,Kantor Dephankam
Daerah Khusus Ibukota Jakarta,Jakarta Pusat,Gambir,Gambir,10110B,Jakarta Pusat Wisma Antara,KPCDK,Jl. Medan Merdeka Selatan No. 17
Daerah Khusus Ibukota Jakarta,Jakarta Pusat,Gambir,Gambir,10110C,Jakarta Pusat Balaikota,KPCDK,Jl. Medan Merdeka Selatan No. 8-9
Daerah Khusus Ibukota Jakarta,Jakarta Pusat,Gambir,Gambir,10110D,Jakarta Pusat Gambir,KPCDK,Jl. Medan Merdeka Timur No. 27
Daerah Khusus Ibukota Jakarta,Jakarta Pusat,Gambir,Gambir,10110D1,LE Danareksa,LE,Gd. Kementrian BUMN
Daerah Khusus Ibukota Jakarta,Jakarta Pusat,Gambir,Gambir,10110D2,LE Mahkamah Agung,LE,Gd. Mahkamah Agung
Daerah Khusus Ibukota Jakarta,Jakarta Pusat,Gambir,Gambir,10110E,Jakarta Pusat Departemen Perhubungan,KPCDK,Jl. Medan Merdeka Barat No. 8
Daerah Khusus Ibukota Jakarta,Jakarta Pusat,Gambir,Gambir,10110F,Jakarta Pusat Pertamina,KPCDK,Jl. Perwira No. 2
Daerah Khusus Ibukota Jakarta,Jakarta Pusat,Gambir,Kebon Kelapa,10120A,Jakarta Pusat Wisma Hayam Wuruk,KPCDK,Jl. Hayam Wuruk No. 8
Daerah Khusus Ibukota Jakarta,Jakarta Pusat,Gambir,Petojo Utara,10130A,Jakarta Pusat Gajah Mada,KPCDK,Ruko Sanjaya
Daerah Khusus Ibukota Jakarta,Jakarta Pusat,Gambir,Petojo Utara,10130B,Jakarta Pusat Pembangunan,KPCDK,Jl. Pembangunan II
Daerah Khusus Ibukota Jakarta,Jakarta Pusat,Gambir,Petojo Utara,10130C,Jakarta Pusat Gajah Mada Plaza,KPCDK,Jl. Gajah Mada
Daerah Khusus Ibukota Jakarta,Jakarta Pusat,Gambir,Cideng,10150A,Jakarta Pusat Cideng,KPCDK,Jl. Tulang Bawang No. 1
Daerah Khusus Ibukota Jakarta,Jakarta Pusat,Gambir,Petojo Selatan,10160A,Jakarta Pusat Kantor Walikota,KPCDK,Kantor Walikota
Daerah Khusus Ibukota Jakarta,Jakarta Pusat,Tanah Abang,Bendungan Hilir,10210A,Jakarta Pusat Pejompongan,KPCDK,Jl. Danau Buyan
Daerah Khusus Ibukota Jakarta,Jakarta Pusat,Tanah Abang,Bendungan Hilir,10210B,Jakarta Pusat BRI,KPCDK,Ged BRI
Daerah Khusus Ibukota Jakarta,Jakarta Pusat,Tanah Abang,Karet Tengsin,10220A,Jakarta Pusat Wismarajawali,KPCDK,Wisma Sudirman
Daerah Khusus Ibukota Jakarta,Jakarta Pusat,Tanah Abang,Karet Tengsin,10220B,Jakarta Pusat Dharmala Sakti,KPCDK,Jl. Jend. Sudirman No. 32
Daerah Khusus Ibukota Jakarta,Jakarta Pusat,Tanah Abang,Karet Tengsin,10220C,Jakarta Pusat Mid Plaza,KPCDK,Gd. Mid Plaza
Daerah Khusus Ibukota Jakarta,Jakarta Pusat,Tanah Abang,Karet Tangsin,10220D1,LE Artha Loka,LE,Gd. Arthaloka Jl Jendral sudirman Kav 2
Daerah Khusus Ibukota Jakarta,Jakarta Pusat,Tanah Abang,Karet Tangsin,10220D2,LE Wisma Nugrasantana,LE,Gd. Wisma Nugra Sentana
Daerah Khusus Ibukota Jakarta,Jakarta Pusat,Tanah Abang,Kebon Melati,10230A,Jakarta Pusat Kebon Melati,KPCDK,Kantor Kelurahan Kebon Melati
Daerah Khusus Ibukota Jakarta,Jakarta Pusat,Tanah Abang,Kebon Kacang,10240A,Jakarta Pusat Kebon Kacang,KPCDK,Kantor Kelurahan Kebon Kacang
Daerah Khusus Ibukota Jakarta,Jakarta Pusat,Tanah Abang,Tanah Abang,10250A,Jakarta Pusat Tanah Abang,KPCDK,Komp. Pasar Tanah abang
Daerah Khusus Ibukota Jakarta,Jakarta Pusat,Tanah Abang,Jati Petamburan,10260A,Jakarta Pusat Jati Petamburan,KPCDK,Jl. Jati Petamburan IV No. 44 RT008/RW005
Daerah Khusus Ibukota Jakarta,Jakarta Pusat,Tanah Abang,Gelora,10270A,Jakarta Pusat DPR,KPCDK,Ged DPR/MPR
Daerah Khusus Ibukota Jakarta,Jakarta Pusat,Tanah Abang,Gelora,10270B,Jakarta Pusat Manggala Wanabakti,KPCDK,Ged. Manggala Wanabakti
Daerah Khusus Ibukota Jakarta,Jakarta Pusat,Tanah Abang,Gelora,10270C,Jakarta Pusat Depdikbud,KPCDK,Komplek Diknas
Daerah Khusus Ibukota Jakarta,Jakarta Pusat,Tanah Abang,Gelora,10270D1,LE Gelora,LE,Kantor Kelurahan Gelora Senayan
Daerah Khusus Ibukota Jakarta,Jakarta Pusat,Menteng,Menteng,10310A,Jakarta Pusat Menteng,KPCDK,Jl. Sumenep No. 9
Daerah Khusus Ibukota Jakarta,Jakarta Pusat,Menteng,Pegangsaan,10320B,Jakarta Pusat Dharmala Manulife,KPCDK,Wisma Dharmala Manulife Cikini Raya
Daerah Khusus Ibukota Jakarta,Jakarta Pusat,Menteng,Cikini,10330A,Jakarta Pusat Cikini,KPCDK,Jl. Cikini Raya No. 3
Daerah Khusus Ibukota Jakarta,Jakarta Pusat,, ,10340D1,LE Mandiri Thamrin,LE,Gd. Mandiri Thamrin
Daerah Khusus Ibukota Jakarta,Jakarta Pusat,Menteng,Gondangdia,10350A,Jakarta Pusat Sarinah,KPCDK,Jl. MH. Thamrin No. 11
Daerah Khusus Ibukota Jakarta,Jakarta Pusat,Menteng,Gondangdia,10350B,Jakarta Pusat Nusantara Building,KPCDK,Jl. MH Thamrin No. 59
Daerah Khusus Ibukota Jakarta,Jakarta Pusat,Menteng,Gondangdia,10350C,Jakarta Pusat Wisma Kosgoro,KPCDK,Jl. MH Thamrin No. 53
Daerah Khusus Ibukota Jakarta,Jakarta Pusat,Menteng,Gondangdia,10350D,Jakarta Pusat Permata Plaza,KPCDK,Jl. MH Thamrin
Daerah Khusus Ibukota Jakarta,Jakarta Pusat,Senen,Senen,10410A,Jakarta Pusat Senen,KPCDK,Kantor Kelurahan Senen
Daerah Khusus Ibukota Jakarta,Jakarta Pusat,Senen,Senen,10410B,Jakarta Pusat Atrium,KPCDK,Gd. Atrium Plaza
Daerah Khusus Ibukota Jakarta,Jakarta Pusat,Senen,Kenari,10430A,Jakarta Pusat Universitas Indonesia,KPCDK,Jl. Salemba Raya
Daerah Khusus Ibukota Jakarta,Jakarta Pusat,Cempaka putih,Cempaka Putih,10510A,Jakarta Pusat Cempaka Putih,KPCDK,Jl. Cempaka Putih Tengah XXVI
Daerah Khusus Ibukota Jakarta,Jakarta Pusat,Johar Baru,Kampung Rawa,10550A,Jakarta Pusat Kampung Rawa,KPCDK,Jl. Kampung Rawa Selatan V No. 21
Daerah Khusus Ibukota Jakarta,Jakarta Pusat,Cempaka Putih,Rawasari,10570A,Jakarta Pusat Rawa Sari,KPCDK,Jl. Pramuka Sari III
Daerah Khusus Ibukota Jakarta,Jakarta Pusat,Cempaka Putih,Rawasari,10570B,Jakarta Pusat Gang Tengah,KPCDK,Jl. Percetakan Negara No. 19
Daerah Khusus Ibukota Jakarta,Jakarta Pusat,Kemayoran,Harapan Mulya,10640A,Jakarta Pusat Perunggu,KPCDK,Jl. Perunggu
Daerah Khusus Ibukota Jakarta,Jakarta Pusat,Kemayoran,Sumur Batu,10640B,Jakarta Pusat Sumur Batu,KPCDK,Jl. Biduri Bulan No. 14
Daerah Khusus Ibukota Jakarta,Jakarta Pusat,Kemayoran,Serdang,10650A,Jakarta Pusat Serdang,KPCDK,Jl. Panca No. 32
Daerah Khusus Ibukota Jakarta,Jakarta Pusat,Sawah Besar,Pasar Baru,10710D1,LE Pasar Baru,LE,Jl. Pos No. 1
Daerah Khusus Ibukota Jakarta,Jakarta Pusat,Kemayoran,Gunung Sahari,10720A,Jakarta Pusat Kemayoran,KPCDK,Mal Mega Glodok Kemayoran
Daerah Khusus Ibukota Jakarta,Jakarta Pusat,Sawah besar,Gunung Sahari,10720B,Jakarta Pusat Gunung Sahari,KPCDK,Jl. Gunung Sahari No. 11
Daerah Khusus Ibukota Jakarta,Jakarta Pusat,Sawah besar,Mangga Dua,10730A,Jakarta Pusat Mangga Dua,KPCDK,Jl. Mangga Dua Dalam No. 14
Daerah Khusus Ibukota Jakarta,Jakarta Pusat,Sawah Besar,Mangga Dua Selatan,10730D1,LE Harco Mangga Dua,LE,Plaza Harco Mangga Dua
Daerah Khusus Ibukota Jakarta,Jakarta Barat,Grogol Petamburan,Wijaya Kusuma,11000,Jakarta Barat,KPRK,Jl. Daan Mogot No. 20
Daerah Khusus Ibukota Jakarta,Jakarta Barat,Pinangsia,Taman Sari,11100,Jakarta Barat Taman Fatahilah,KPCDK,Jl. Taman Fatahillah No. 3
Daerah Khusus Ibukota Jakarta,Jakarta Barat,Tamansari,Pinangsia,11110D1,LE Mandiri Kota,LE,Gd. Mandiri Kota
Daerah Khusus Ibukota Jakarta,Jakarta Barat,Taman Sari,Krukut,11140A,Jakarta Barat Krukut,KPCDK,Jl. Kejayan Dalam No. 33A
Daerah Khusus Ibukota Jakarta,Jakarta Barat,Taman sari,Mampar,11160D1,LE Hayam Wuruk,LE,Jl. Kebun Jeruk No. 18 RT001/RW009
Daerah Khusus Ibukota Jakarta,Jakarta Barat,Tambora,Tanah Sereal,11210A,Jakarta Barat Tanah Sereal,KPCDK,Jl. Pekapuran III No. 24
Daerah Khusus Ibukota Jakarta,Jakarta Barat,Tambora,Duri Selatan,11270A,Jakarta Barat Duri Selatan,KPCDK,Jl. Duri Selatan VIII No. 9
Daerah Khusus Ibukota Jakarta,Jakarta Barat,Tambora,Jembatan Besi,11320A,Jakarta Barat Jembatan Besi,KPCDK,Jl. Duri Baru Gg. AA No. 31
Daerah Khusus Ibukota Jakarta,Jakarta Barat,Tambora,Angke,11330A,Jakarta Barat Angke,KPCDK,Jl. Angke Raya No. 31A
Daerah Khusus Ibukota Jakarta,Jakarta Barat,Palmerah,Slipi,11410A,Jakarta Barat Slipi,KPCDK,Jl. KS. Tubun IV No. 34
Daerah Khusus Ibukota Jakarta,Jakarta Barat,Palmerah,Kota Bambu,11420A,Jakarta Barat Kota Bambu,KPCDK,Jl. Kota Bambu Utara RT005/RW004
Daerah Khusus Ibukota Jakarta,Jakarta Barat,Palmerah,Jatipulo,11430A,Jakarta Barat Jati Pulo,KPCDK,Jl. Semangka II No. 1
Daerah Khusus Ibukota Jakarta,Jakarta Barat,Grogol Petamburan,Grogol,11440A,Jakarta Barat Trisakti,KPCDK,Kampus Trisakti
Daerah Khusus Ibukota Jakarta,Jakarta Barat,Grogol Petamburan,Tomang,11440B,Jakarta Barat Tomang,KPCDK,Jl. Mandala Utara Raya No. 24
Daerah Khusus Ibukota Jakarta,Jakarta Barat,Grogol Petamburan,Tomang,11440D1,LE Untar,LE,Kampus Untar 1
Daerah Khusus Ibukota Jakarta,Jakarta Barat,Grogol Petamburan,Grogol,11450A,Jakarta Barat Grogol,KPCDK,Jl. Dr. Susilo Raya No. 1
Daerah Khusus Ibukota Jakarta,Jakarta Barat,Grogol Petamburan,Jelembar,11460A,Jakarta Barat Jelambar,KPCDK,Jl. Perdana No. 3
Daerah Khusus Ibukota Jakarta,Jakarta Barat,Grogol Petamburan,Jelambar Baru,11460B,Jakarta Barat Duta Mas,KPCDK,Komplek Perumahan Duta Mas
Daerah Khusus Ibukota Jakarta,Jakarta Barat,Grogol Petamburan,Tanjung Duren Utara,11470A,Jakarta Barat Tanjung Duren Utara,KPCDK,Jl. Tanjung Duren Utara VIII No. 416
Daerah Khusus Ibukota Jakarta,Jakarta Barat,Grogol Petamburan,Tanjung Duren Selatan,11470B,Jakarta Barat Tanjung Duren Selatan,KPCDK,Jl. Lontar Raya No. 652
Daerah Khusus Ibukota Jakarta,Jakarta Barat,Palmerah,Kemanggisan,11480A,Jakarta Barat Kemanggisan,KPCDK,Jl. Anggrek Rosliana No. 27
Daerah Khusus Ibukota Jakarta,Jakarta Barat,Palmerah,Palmerah,11480B,Jakarta Barat Palmerah,KPCDK,Jl. KH. Syahdan No. 28
Daerah Khusus Ibukota Jakarta,Jakarta Barat,Kebon Jeruk,Duri Kepa,11510A,Jakarta Barat Duri Kepa,KPCDK,Jl. Duri Tol No. 14
Daerah Khusus Ibukota Jakarta,Jakarta Barat,Kebon Jeruk,Kedoya Utara,11520A,Jakarta Barat Kedoya,KPCDK,Jl. Kedoya Raya No. 20
Daerah Khusus Ibukota Jakarta,Jakarta Barat,Kebon Jeruk,Kedoya Selatan,11520B,Jakarta Barat Sunrise Garden,KPCDK,Jl. Surya Mandala
Daerah Khusus Ibukota Jakarta,Jakarta Barat,Kebon Jeruk,Kedoya Utara,11520C,Jakarta Barat Kedoya Utara,KPCDK,Komplek Taman Ratu
Daerah Khusus Ibukota Jakarta,Jakarta Barat,, ,11520D1,LE Green Garden,LE,Komplek Cengkareng Indah
Daerah Khusus Ibukota Jakarta,Jakarta Barat,Kebon Jeruk,Kebon Jeruk,11530A,Jakarta Barat Kebon Jeruk,KPCDK,Jl. Raya Meruya Ilir No. 7
Daerah Khusus Ibukota Jakarta,Jakarta Barat,Kebon Jeruk,Kelapa Dua,11550A,Jakarta Barat Kelapa Dua,KPCDK,Jl. Raya Kelapa Dua No. 33A RT007/RW005
Daerah Khusus Ibukota Jakarta,Jakarta Barat,Kebon Jeruk,Sukabumi Udik,11560A,Jakarta Barat Sukabumi Udik,KPCDK,Jl. KH. Tohir RT003/RW007
Daerah Khusus Ibukota Jakarta,Jakarta Barat,Kembangan,Kembangan Barat,11610B,Jakarta Barat Kembangan Selatan,KPCDK,Jl. Raya Kembangan No. 16
Daerah Khusus Ibukota Jakarta,Jakarta Barat,Kembangan,Kembangan selatan,11610D1,LE Puri Indah,LE,Jl. Puri Indah Blok J
Daerah Khusus Ibukota Jakarta,Jakarta Barat,Kembangan,Srengseng,11630A,Jakarta Barat Srengseng,KPCDK,Jl. Srengseng Raya No. 6
Daerah Khusus Ibukota Jakarta,Jakarta Barat,Kembangan,Joglo,11640A,Jakarta Barat Joglo,KPCDK,Jl. Murni RT001/RW002
Daerah Khusus Ibukota Jakarta,Jakarta Barat,Kembangan,Meruya Selatan,11650A,Jakarta Barat Meruya Ilir,KPCDK,Jl. Meruya Ilir No. 59
Daerah Khusus Ibukota Jakarta,Jakarta Barat,Cengkareng,Kedaung Kali Angke,11710A,Jakarta Barat Kedaung Kali Angke,KPCDK,Jl. Tawang Mangu RT011/RW003
Daerah Khusus Ibukota Jakarta,Jakarta Barat,Cengkareng,Kedaung Kali angke,11710D1,LE Taman Kota,LE,Jl. Taman Kota RT001/RW008 No. 222
Daerah Khusus Ibukota Jakarta,Jakarta Barat,Cengkareng,Kapuk,11720A,Jakarta Barat Kapuk,KPCDK,Jl. Raya Kapuk Kamal
Daerah Khusus Ibukota Jakarta,Jakarta Barat,,,11720D1,LE Cengkareng Indah,LE,Komplek Cengkareng Indah
Daerah Khusus Ibukota Jakarta,Jakarta Barat,Cengkareng,Cengkareng,11730A,Jakarta Barat Cengkareng,KPCDK,Jl. Bangun Nusa No. 14
Daerah Khusus Ibukota Jakarta,Jakarta Barat,Cengkareng,Cengkareng Barat,11730B,Jakarta Barat Cengkareng Barat,KPCDK,Jl. Utama Raya (Kantor Kelurahan)
Daerah Khusus Ibukota Jakarta,Jakarta Barat,Cengkareng,Rawa Buaya,11740A,Jakarta Barat Rawa Buaya,KPCDK,Jl. Rawa Buaya No. 34 (Kantor Kelurahan)
Daerah Khusus Ibukota Jakarta,Jakarta Barat,Cengkareng,Duri Kosambi,11750A,Jakarta Barat Duri Kosambi,KPCDK,Jl. Raya Duri Kosambi RT004/RW007
Daerah Khusus Ibukota Jakarta,Jakarta Barat,Kalideres,Tegal Alur,11820A,Jakarta Barat Tegal Alur,KPCDK,Jl. Raya Kamal No. 32
Daerah Khusus Ibukota Jakarta,Jakarta Barat,Kalideres,Pegadungan,11830D1,LE Citragarden II,LE,Perum Citra Garden II Blok M RT002/RW012
Daerah Khusus Ibukota Jakarta,Jakarta Barat,Kalideres,Pegadungan,11830D2,LE Taman Surya,LE,Jl. Bambu Larangan RT015/RW004
Daerah Khusus Ibukota Jakarta,Jakarta Barat,Kalideres,Kalideres,11840A,Jakarta Barat Kalideres,KPCDK,Jl. Peta Selatan No. 16
Daerah Khusus Ibukota Jakarta,Jakarta Barat,Kalideres,Pegadungan,11840B,Jakarta Barat Citra Garden I,KPCDK,Komplek Citra Garden I Blok B No. 10
Daerah Khusus Ibukota Jakarta,Jakarta Barat,Kalideres,Semanan,11850A,Jakarta Barat Semanan,KPCDK,Jl. Raya Semanan (Kantor Kelurahan)
Daerah Khusus Ibukota Jakarta,Jakarta Selatan,Cilandak,Lebak Bulus,12000,Jakarta Selatan,KPRK,Jl. RS. Fatmawati No. 10
Daerah Khusus Ibukota Jakarta,Jakarta Selatan,Kebayoran Baru,Selong,12110A,Jakarta Selatan Walikota,KPCDK,Jl. Trunojoyo
Daerah Khusus Ibukota Jakarta,Jakarta Selatan,Kebayoran Baru,Selong,12110D1,LE Mabes Polri,LE,Gd. Mabes POLRI
Daerah Khusus Ibukota Jakarta,Jakarta Selatan,Kebayoran Baru,Gunung,12120A,Jakarta Selatan Gunung,KPCDK,Jl. Kyai Maja No. 41
Daerah Khusus Ibukota Jakarta,Jakarta Selatan,Kebayoran Baru,Gunung,12120D1,LE RS Pertamina Pusat,LE,Gd. RSPP
Daerah Khusus Ibukota Jakarta,Jakarta Selatan,Kebayoran Baru,Gandaria Utara,12140A,Jakarta Selatan Gandaria Utara,KPCDK,Jl. Haji Nawi Raya No. 1
Daerah Khusus Ibukota Jakarta,Jakarta Selatan,Kebayoran Baru,Pulo,12160A,Jakarta Selatan Darmawangsa,KPCDK,Jl. Dharmawangsa IV/12
Daerah Khusus Ibukota Jakarta,Jakarta Selatan,Kebayoran Baru,Rawa Barat,12180A,Jakarta Selatan Rawa Barat,KPCDK,Jl. Wolter Monginsidi No. 85
Daerah Khusus Ibukota Jakarta,Jakarta Selatan,Kebayoran Baru,Senayan,12190A,Jakarta Selatan Summit Mas Tower,KPCDK,Jl. Jendral Sudirman Kav. 61-62
Daerah Khusus Ibukota Jakarta,Jakarta Selatan,Kebayoran Baru,Senayan,12190D1,LE Artha Graha,LE,Gd. Artha Graha SCBD
Daerah Khusus Ibukota Jakarta,Jakarta Selatan,Kebayoran Baru,Senayan,12190D2,LE Medco,LE,Gd. Energy SCBD
Daerah Khusus Ibukota Jakarta,Jakarta Selatan,Kebayoran Baru,Senayan,12190D3,LE Mandiri Plaza Bapindo,LE,Gd. Bapindo
Daerah Khusus Ibukota Jakarta,Jakarta Selatan,Kebayoran Lama,Grogol Utara,12210A,Jakarta Selatan Grogol Utara,KPCDK,Jl. Tanah Baru I
Daerah Khusus Ibukota Jakarta,Jakarta Selatan,Kebayoran Lama,Grogol Selatan,12220A,Jakarta Selatan Grogol Selatan,KPCDK,Jl. Kubur Islam
Daerah Khusus Ibukota Jakarta,Jakarta Selatan,Kebayoran Lama,Cipulir,12230A,Jakarta Selatan Cipulir,KPCDK,Jl. Ciledug Raya No. 2 RT006/RW006
Daerah Khusus Ibukota Jakarta,Jakarta Selatan,Kebayoran Lama,Kebayoran Lama,12240A,Jakarta Selatan Kebayoran Lama,KPCDK,Jl. Ciputat Raya No. 9
Daerah Khusus Ibukota Jakarta,Jakarta Selatan,Kebayoran Lama,Ulujami,12250A,Jakarta Selatan Ulujami,KPCDK,Jl. Raya Ulujami No. 47
Daerah Khusus Ibukota Jakarta,Jakarta Selatan,Pesanggrahan,Petukangan Utara,12260A,Jakarta Selatan Petukangan,KPCDK,Jl. Kemajuan No. 5
Daerah Khusus Ibukota Jakarta,Jakarta Selatan,Kebayoran Lama,Pondok Pinang,12310A,Jakarta Selatan Pondok Pinang,KPCDK,Jl. Ciputat Raya No. 6
Daerah Khusus Ibukota Jakarta,Jakarta Selatan,Kebayoran Lama,Pondok Pinang,12310B,Jakarta Selatan Pondok Indah Mall,KPCDK,Jl. Metro Pondok Indah
Daerah Khusus Ibukota Jakarta,Jakarta Selatan,Kebayoran Lama,Pondok Pinang,12310D1,LE Jakarta Selatan Pondok Indah,LE,Jl. Metro Alam III
Daerah Khusus Ibukota Jakarta,Jakarta Selatan,Pesanggrahan,Bintaro,12330A,Jakarta Selatan Bintaro,KPCDK,Jl. Kesehatan No. 8
Daerah Khusus Ibukota Jakarta,Jakarta Selatan,Cilandak,Cilandak Barat,12430A,Jakarta Selatan Cilandak,KPCDK,Jl. Maritim No. 6
Daerah Khusus Ibukota Jakarta,Jakarta Selatan,Karang Tengah,Lebak Bulus,12440A,Jakarta Selatan Lebak Bulus,KPCDK,Jl. Karang Tengah Raya No. 11 B
Daerah Khusus Ibukota Jakarta,Jakarta Selatan,Cilandak,Pondok Labu,12450A,Jakarta Selatan Pondok Labu,KPCDK,Jl. Pinang II
Daerah Khusus Ibukota Jakarta,Jakarta Selatan,Pasar Minggu,Pejaten Barat,12510A,Jakarta Selatan Pejaten,KPCDK,Jl. Pejaten Raya No. 4
Daerah Khusus Ibukota Jakarta,Jakarta Selatan,Pasar Minggu,Pejaten Barat,12510D1,LE Nesle,LE,Gd. Arkadia
Daerah Khusus Ibukota Jakarta,Jakarta Selatan,Pasar Minggu,Pasar Minggu,12520A,Jakarta Selatan Pasar Minggu,KPCDK,Jl. Ragunan Pasar Minggu
Daerah Khusus Ibukota Jakarta,Jakarta Selatan,Pasar Minggu,Ragunan,12550D1,LE Pertanian,LE,Gd. Kementan
Daerah Khusus Ibukota Jakarta,Jakarta Selatan,Pasar Minggu,Cilandak,12560A,Jakarta Selatan LIP,KPCDK,Jl. Ampera Raya
Daerah Khusus Ibukota Jakarta,Jakarta Selatan,Pasar Minggu,Cilandak Timur,12560B,Jakarta Selatan CCE,KPCDK,Jl. Raya Cilandak KKO
Daerah Khusus Ibukota Jakarta,Jakarta Selatan,Jagakarsa,Lenteng Agung,12610A,Jakarta Selatan Lenteng Agung,KPCDK,Jl. Agung Raya
Daerah Khusus Ibukota Jakarta,Jakarta Selatan,Jagakarsa,Srengseng Sawah,12640A,Jakarta Selatan Srengseng Sawah,KPCDK,Jl. M. Kahfi II
Daerah Khusus Ibukota Jakarta,Jakarta Selatan,Srengseng Sawah,Srengseng Sawah,12640D1,LE Ciganjur,LE,Jl. M. Kahfi  I
Daerah Khusus Ibukota Jakarta,Jakarta Selatan,Mampang Prapatan,Kuningan Barat,12700,Jakarta Selatan Mampang,KPCDK,Jl. Kapten Piere Tendean No. 43
Daerah Khusus Ibukota Jakarta,Jakarta Selatan,Mampang Prapatan,Kuningan Barat,12710D1,LE Gatot Subroto,LE,Gd. Telkom
Daerah Khusus Ibukota Jakarta,Jakarta Selatan,Mampang Prapatan,Kuningan Barat,12710D2,LE LIPI,LE,Gd LIPI /PDII
Daerah Khusus Ibukota Jakarta,Jakarta Selatan,Kuningan Barat,Mampang Prapatan,12710D3,LE TIFA,LE,Gd. Tifa
Daerah Khusus Ibukota Jakarta,Jakarta Selatan,Mampang Prapatan,Bangka,12730A,Jakarta Selatan Kemang,KPCDK,Jl. Kemang Selatan No. 30
Daerah Khusus Ibukota Jakarta,Jakarta Selatan,Pancoran,Kalibata,12740A,Jakarta Selatan Kalibata,KPCDK,Jl. Warung Buncit No. 448
Daerah Khusus Ibukota Jakarta,Jakarta Selatan,Mampang Prapatan,Tegal Parang,12760A,Jakarta Selatan Duren Tiga,KPCDK,Jl. Kampung Prapatan XI No. 10A
Daerah Khusus Ibukota Jakarta,Jakarta Selatan,Pancoran,Pengadegan,12770A,Jakarta Selatan Pengadegan,KPCDK,Jl. Kartika Raya No. 4
Daerah Khusus Ibukota Jakarta,Jakarta Selatan,Pancoran,Pancoran,12780D1,LE Sucofindo,LE,Gd. Succofindo
Daerah Khusus Ibukota Jakarta,Jakarta Selatan,Pancoran,Tegal Parang,12790D1,LE Depnaker,LE,Gd. Kemenaker
Daerah Khusus Ibukota Jakarta,Jakarta Selatan,Tebet,Tebet Barat,12810A,Jakarta Selatan Tebet Barat,KPCDK,Jl. Tebet Barat
Daerah Khusus Ibukota Jakarta,Jakarta Selatan,Tebet,Tebet Barat,12810D1,LE Mugi Griya,LE,Gd. Mugi Griya
Daerah Khusus Ibukota Jakarta,Jakarta Selatan,Tebet,Tebet Barat,12810D2,LE Putra Surya Prima,LE,Gd. Graha Pratama
Daerah Khusus Ibukota Jakarta,Jakarta Selatan,Tebet,Tebet Timur,12820A,Jakarta Selatan Tebet Timur,KPCDK,Jl. Tebet Timur Dalam II/2
Daerah Khusus Ibukota Jakarta,Jakarta Selatan,Tebet,Kebon Baru,12830A,Jakarta Selatan Kebon Baru,KPCDK,Jl. Kebon Baru IV
Daerah Khusus Ibukota Jakarta,Jakarta Selatan,Tebet,Bukit Duri,12840A,Jakarta Selatan Bukit Duri,KPCDK,Jl. Sawo Kecik No. 10
Daerah Khusus Ibukota Jakarta,Jakarta Selatan,Tebet,Menteng Dalam,12870D1,LE Wisma Bidakara,LE,Gd. Bidakara
Daerah Khusus Ibukota Jakarta,Jakarta Selatan,,,12870D2,LE Mandiri Plaza,LE,Gd. Mandiri Plaza
Daerah Khusus Ibukota Jakarta,Jakarta Selatan,Setiabudi,Karet,12920A,Jakarta Selatan Setiabudi,KPCDK,Jl. Karet Raya
Daerah Khusus Ibukota Jakarta,Jakarta Selatan,Setiabudi,Karet,12920B,Jakarta Selatan Metropolitan Dua,KPCDK,Jl. Jendral Sudirman Kav. 29-31
Daerah Khusus Ibukota Jakarta,Jakarta Selatan,Setiabudi,Karet,12920C,Jakarta Selatan Setiabudi Bld,KPCDK,Jl. HR. Rasuna Said Kav. 26
Daerah Khusus Ibukota Jakarta,Jakarta Selatan,Setiabudi,Karet,12920D1,LE Bank Bali,LE,Gd. Bank Permata
Daerah Khusus Ibukota Jakarta,Jakarta Selatan,Setiabudi,Karet,12920D2,LE Lippo Plaza,LE,Jl. Jend. Sudirman
Daerah Khusus Ibukota Jakarta,Jakarta Selatan,Setiabudi,Karet Semanggi,12930A,Jakarta Selatan Central Plaza,KPCDK,Jl. Jendral  Sudirman No. 47
Daerah Khusus Ibukota Jakarta,Jakarta Selatan,Setiabudi,Karet Semanggi,12930D1,LE Atmajaya,LE,Jl. Jend. Sudirman
Daerah Khusus Ibukota Jakarta,Jakarta Selatan,Setiabudi,Karet Kuningan,12940D1,LE Ambasador,LE,Gd. Ambasador Mall
Daerah Khusus Ibukota Jakarta,Jakarta Selatan,Setiabudi,Kuningan Timur,12950A,Jakarta Selatan Centre Point,KPCDK,Jl. Gatot Subroto Kav. 35 - 36
Daerah Khusus Ibukota Jakarta,Jakarta Selatan,Setiabudi,Kuningan Timur,12950B,Jakarta Selatan Astek,KPCDK,Jl. Gatot Subroto No. 79
Daerah Khusus Ibukota Jakarta,Jakarta Selatan,Setiabudi,Kuningan Timur,12950D1,LE Patrajasa,LE,Gd. Patra
Daerah Khusus Ibukota Jakarta,Jakarta Selatan,Setiabudi,Kuningan Timur,12950D2,LE Menaradea,LE,Gd. Menara
Daerah Khusus Ibukota Jakarta,Jakarta Selatan,Setiabudi,Guntur,12980A,Jakarta Selatan Guntur,KPCDK,Jl. Guntur No. 10
Daerah Khusus Ibukota Jakarta,Jakarta Timur,Pulo Gadung,Jati,13000,Jakarta Timur,KPRK,Jl. Pemuda No. 79
Daerah Khusus Ibukota Jakarta,Jakarta Timur,Matraman,Pisangan Baru,13110A,Jakarta Timur Pisangan Baru,KPCDK,Jl. Raya Pisangan Baru Tengah No. 14
Daerah Khusus Ibukota Jakarta,Jakarta Timur,Matraman,Utan Kayu Utara,13120A,Jakarta Timur Utan Kayu,KPCDK,Jl. Waringin No. 8
Daerah Khusus Ibukota Jakarta,Jakarta Timur,Matraman,Kayumanis,13130A,Jakarta Timur Kayu Manis,KPCDK,Jl. Kayu Manis XI/79
Daerah Khusus Ibukota Jakarta,Jakarta Timur,Matraman,Palmeriam,13140A,Jakarta Timur Matraman,KPCDK,Jl. Gudeg No. 24
Daerah Khusus Ibukota Jakarta,Jakarta Timur,Pulo Gadung,Kayu Putih,13210A,Jakarta Timur Kayu Putih,KPCDK,Jl. Plitur Raya No. 29
Daerah Khusus Ibukota Jakarta,Jakarta Timur,Pulo Gadung,Kayu Putih,13210B,Jakarta Timur Universitas Jayabaya,KPCDK,Univ Jayabaya
Daerah Khusus Ibukota Jakarta,Jakarta Timur,Pulo Gadung,Jati,13220A,Jakarta Timur Jati Rawamangun,KPCDK,Jl. Pilo Asem Utara XII
Daerah Khusus Ibukota Jakarta,Jakarta Timur,Pulo Gadung,Rawamangun,13220B,Jakarta Timur Rawamangun,KPCDK,Jl. Mustika Jaya X
Daerah Khusus Ibukota Jakarta,Jakarta Timur,Pulo Gadung,Pulo Gadung,13260A,Jakarta Timur Pulo Gadung,KPCDK,Jl. Taruna Kayumas
Daerah Khusus Ibukota Jakarta,Jakarta Timur,Jatinegara,Balimester,13300,Jakarta Timur Jatinegara,KPCDK,Jl. Matraman Raya No. 222
Daerah Khusus Ibukota Jakarta,Jakarta Timur,Jatinegara,Kampung Melayu,13320A,Jakarta Timur Kampung Melayu,KPCDK,Jl. Jatinegara Barat
Daerah Khusus Ibukota Jakarta,Jakarta Timur,Jatinegara,Cipinang Cempedak,13340A,Jakarta Timur Cipinang Cempedak,KPCDK,Jl. Raya Gg. Langgar
Daerah Khusus Ibukota Jakarta,Jakarta Timur,Jatinegara,Cipinang Besar Sltn,13410A,Jakarta Timur Cipinang Besar Selatan,KPCDK,Jl. Cipinang Besar Selatan Raya
Daerah Khusus Ibukota Jakarta,Jakarta Timur,Jatinegara,Cipinang Muara,13420A,Jakarta Timur Cipinang Muara,KPCDK,Jl. I Gusti Ngurahrai No. 22
Daerah Khusus Ibukota Jakarta,Jakarta Timur,Duren Sawit,Pondok Bambu,13430A,Jakarta Timur Pondok Bambu,KPCDK,Jl. Pahlawan Revolusi Blok Q II/3
Daerah Khusus Ibukota Jakarta,Jakarta Timur,Duren Sawit,Duren Sawit,13440A,Jakarta Timur Duren Sawit,KPCDK,Jl. Kelurahan No. 1/40 C
Daerah Khusus Ibukota Jakarta,Jakarta Timur,Duren Sawit,Pondok Kelapa,13450D1,LE Pondok Kelapa,LE,Jl. H. Dogon No. 1/32
Daerah Khusus Ibukota Jakarta,Jakarta Timur,Duren Sawit,Malaka,13460A,Jakarta Timur Malaka,KPCDK,Jl. Nusa Indah
Daerah Khusus Ibukota Jakarta,Jakarta Timur,Duren Sawit,Pondok Kopi,13460B,Jakarta Timur Pondok Kopi,KPCDK,Jl. Robusta Raya
Daerah Khusus Ibukota Jakarta,Jakarta Timur,Duren Sawit,Klender,13470A,Jakarta Timur Klender,KPCDK,Jl. Tanah No. 80
Daerah Khusus Ibukota Jakarta,Jakarta Timur,Kramat Jati,Kramat Jati,13510A,Jakarta Timur Kramat Jati,KPCDK,Jl. Kelapa Gading
Daerah Khusus Ibukota Jakarta,Jakarta Timur,Kramat Jati,Batu Ampar,13520A,Jakarta Timur Batu Ampar,KPCDK,Jl. Batu Ampar Raya
Daerah Khusus Ibukota Jakarta,Jakarta Timur,Kramat Jati,Kampung Dukuh,13550A,Jakarta Timur Kampung Dukuh,KPCDK,Jl. Dukuh
Daerah Khusus Ibukota Jakarta,Jakarta Timur,Makasar,Pinang Ranti,13560A,Jakarta Timur Taman Mini,KPCDK,Taman Mini Indah Indonesia
Daerah Khusus Ibukota Jakarta,Jakarta Timur,Makasar,Pinang Ranti,13560B,Jakarta Timur Pinang Ranti,KPCDK,Jl. Raya Pondok Gede No. 3
Daerah Khusus Ibukota Jakarta,Jakarta Timur,Makasar,Makasar,13570A,Jakarta Timur Makasar,KPCDK,Jl. Masjid Al Munir
Daerah Khusus Ibukota Jakarta,Jakarta Timur,Makasar,Halim Perdana  Kusuma,13610A,Jakarta Timur Halim,KPCDK,Jl. Skuadron
Daerah Khusus Ibukota Jakarta,Jakarta Timur,Makasar,Halim Perdana  Kusuma,13610B,Jakarta Timur Halim Airport,KPCDK,Jl. Skuadron
Daerah Khusus Ibukota Jakarta,Jakarta Timur,Makasar,Cipinang Melayu,13620A,Jakarta Timur Cipinang Melayu,KPCDK,Komplek AU
Daerah Khusus Ibukota Jakarta,Jakarta Timur,Kramat Jati,Cawang,13630A,Jakarta Timur Cawang,KPCDK,Jl. Mesjid Bendungan
Daerah Khusus Ibukota Jakarta,Jakarta Timur,Kramat Jati,Cililitan,13640D1,LE PGC,LE,Mall PGC Lt. 2 No. 638
Daerah Khusus Ibukota Jakarta,Jakarta Timur,Pasar Rebo,Pekayon,13710A,Jakarta Timur Pekayon,KPCDK,Jl. Raya Bogor KM. 27
Daerah Khusus Ibukota Jakarta,Jakarta Timur,Ciracas,Cibubur,13720A,Jakarta Timur Cibubur,KPCDK,Jl. Lapangan Tembak
Daerah Khusus Ibukota Jakarta,Jakarta Timur,Ciracas,Cibubur,13720D1,LE Cibubur Junction,LE,Mall Cibubur Junction Lt. 3
Daerah Khusus Ibukota Jakarta,Jakarta Timur,Ciracas,Ciracas,13740A,Jakarta Timur Ciracas,KPCDK,Jl. Raya Ciracas No. 52
Daerah Khusus Ibukota Jakarta,Jakarta Timur,Pasar Rebo,Gedong,13760A,Jakarta Timur Gedong,KPCDK,Komplek Kopasus
Daerah Khusus Ibukota Jakarta,Jakarta Timur,Pasar Rebo,Kalisari,13790D1,LE Kalisari,LE,Jl. Raya Kalisari No. 41 A RT006/RW002
Daerah Khusus Ibukota Jakarta,Jakarta Timur,Cipayung,Lubang Buaya,13810A,Jakarta Timur Lubang Buaya,KPCDK,Jl. Masjid Albado No. 1
Daerah Khusus Ibukota Jakarta,Jakarta Timur,Cipayung,Cilangkap,13870A,Jakarta Timur Mabes TNI,KPCDK,Mabes TNI
Daerah Khusus Ibukota Jakarta,Jakarta Timur,Cakung,Cakung Barat,13910A,Jakarta Timur Cakung,KPCDK,Jl. Raya Tipar Cakung
Daerah Khusus Ibukota Jakarta,Jakarta Timur,Cakung,Penggilingan,13940A,Jakarta Timur Penggilingan,KPCDK,Jl. Raya Penggilingan
Daerah Khusus Ibukota Jakarta,Jakarta Timur,Cakung,Pulo Gebang,13950A,Jakarta Timur Pulogebang,KPCDK,Jl. Pulo Gebang
Daerah Khusus Ibukota Jakarta,Jakarta Timur,Cakung,Pulo Gadung,13950D1,LE Walikota,LE,Jl. Sentra Primer Baru Timur
Daerah Khusus Ibukota Jakarta,Jakarta Utara,Tanjung Priok,Kebon Bawang,14000,Jakarta Utara,KPRK,Jl. Swasembada Timur XI No. 37
Daerah Khusus Ibukota Jakarta,Jakarta Utara,Cilincing,Cilincing,14120A,Jakarta Utara Cilincing,KPCDK,Jl. Raya Sungai Landak No. 25
Daerah Khusus Ibukota Jakarta,Jakarta Utara,Cilincing,Semper Timur,14130A,Jakarta Utara Semper,KPCDK,Jl. Kebantenan I
Daerah Khusus Ibukota Jakarta,Jakarta Utara,Cilincing,Sukapura,14140D1,LE Sukapura,LE,
Daerah Khusus Ibukota Jakarta,Jakarta Utara,Cilincing,Rorotan,14140D2,LE Rorotan,LE,Jl. Malaka IV No. 74
Daerah Khusus Ibukota Jakarta,Jakarta Utara,Cilincing,Kalibaru,14140D3,LE Kalibaru,LE,Jl. Kalibaru Timur II
Daerah Khusus Ibukota Jakarta,Jakarta Utara,Cilincing,Marunda,14150D1,LE Marunda,LE,Jl. Marunda Baru No. 5
Daerah Khusus Ibukota Jakarta,Jakarta Utara,Koja,Koja Utara,14210A,Jakarta Utara Koja Utara,KPCDK,Jl. Cipucang II No. 53
Daerah Khusus Ibukota Jakarta,Jakarta Utara,Koja,Rawa Badak,14230A,Jakarta Utara Rawa Badak,KPCDK,Jl. Alur Laut
Daerah Khusus Ibukota Jakarta,Jakarta Utara,Kelapa Gading,Kelapa Gading Barat,14240A,Jakarta Utara Kelapa Gading Barat,KPCDK,Jl. Tambah I No. 5
Daerah Khusus Ibukota Jakarta,Jakarta Utara,Kelapa Gading,Kelapa Gading Timur,14240D1,LE Kelapa Gading Timur,LE,Jl. Kelapa Kopyor Timur III Blok BH2 No. 2
Daerah Khusus Ibukota Jakarta,Jakarta Utara,Kelapa Gading,Kelapa Gading Timur,14240D2,LE Kelapa Lilin,LE,Jl. Bangun Cipta Sarana No. 16
Daerah Khusus Ibukota Jakarta,Jakarta Utara,Kelapa Gading,Kelapa Gading Barat,14240D3,LE Lottemart,LE,Lotte Mart Kelapa Gading Blok 9F No. 15
Daerah Khusus Ibukota Jakarta,Jakarta Utara,Kelapa Gading,Pegangsaan Dua,14250A,Jakarta Utara Pegangsaan Dua,KPCDK,Jl. Perintis Kemerdekaan No. 39
Daerah Khusus Ibukota Jakarta,Jakarta Utara,Kelapa Gading,Kelapa Gading Timur,14250B,Jakarta Utara Kelapa Gading Permai,KPCDK,Jl. Raya Kelapa Lilin No. 1
Daerah Khusus Ibukota Jakarta,Jakarta Utara,Kelapa Gading,Pegangsaan Dua,14250D1,LE Bongo,LE,Jl. Bongo IV Kantor RW008
Daerah Khusus Ibukota Jakarta,Jakarta Utara,Kelapa Gading,Pegangsaan Dua,14250D2,LE Menara Kelapa Gading,LE,Rusun Gading Nias Lt. GF Tower GK No. GW 2
Daerah Khusus Ibukota Jakarta,Jakarta Utara,Koja,Tugu Utara,14260A,Jakarta Utara Tugu,KPCDK,Jl. Raya Keramat Jaya No. 37
Daerah Khusus Ibukota Jakarta,Jakarta Utara,Koja,Tugu Selatan,14260D1,LE Simpang Lima,LE,Jl. Raya Plumpang
Daerah Khusus Ibukota Jakarta,Jakarta Utara,Koja,Lagoa,14270A,Jakarta Utara Lagoa,KPCDK,Jl. Mangga No. 45
Daerah Khusus Ibukota Jakarta,Jakarta Utara,Tanjung Priok,Tanjung Priok,14310A,Jakarta Utara Stasiun,KPCDK,Jl. Cumi No. 38
Daerah Khusus Ibukota Jakarta,Jakarta Utara,Tanjung Priok,Kebon Bawang,14320D1,LE Kebon Bawang,LE,Jl. Bugis No.1
Daerah Khusus Ibukota Jakarta,Jakarta Utara,Tanjung Priok,Sungai Bambu,14330D1,LE Sungai Bambu,LE,Jl. Budi Daya No. 20 RT001/RW008
Daerah Khusus Ibukota Jakarta,Jakarta Utara,Tanjung Priok,Warakas,14340D1,LE Warakas,LE,Jl. Warakas I No. 77A
Daerah Khusus Ibukota Jakarta,Jakarta Utara,Tanjung Priok,Papanggo,14340D2,LE Papanggo,LE,Jl. Bisma No. 1
Daerah Khusus Ibukota Jakarta,Jakarta Utara,Tanjung Priok,Sunter Agung,14350A,Jakarta Utara Sunter,KPCDK,Jl. Danau Agung II
Daerah Khusus Ibukota Jakarta,Jakarta Utara,Tanjung Priok,Sunter Jaya,14350B,Jakarta Utara Sunter Hijau,KPCDK,Jl. Sunter Indah III/KCF 16
Daerah Khusus Ibukota Jakarta,Jakarta Utara,Tanjung Priok,Sunter Agung,14350D1,LE Sunter Mall,LE,Komplek Pasar DKI
Daerah Khusus Ibukota Jakarta,Jakarta Utara,Tanjung Priok,Sunter Jaya,14350D2,LE Sunter Kemayoran,LE,Jl. Sunter Jaya II No. 43 RT009/RW002
Daerah Khusus Ibukota Jakarta,Jakarta Utara,Pademangan,Pademangan Timur,14410A,Jakarta Utara Pademangan Timur,KPCDK,Jl. Pademangan IV
Daerah Khusus Ibukota Jakarta,Jakarta Utara,Pademangan,Pademangan Barat,14420A,Jakarta Utara Pademangan Barat,KPCDK,Jl. Ampera Besar No. 25
Daerah Khusus Ibukota Jakarta,Jakarta Utara,Pademangan,Ancol,14430D1,LE Mangga Dua Pasar Pagi,LE,Gedung Pasar Pagi Mangga Dua Blok BA/EK Lt. III
Daerah Khusus Ibukota Jakarta,Jakarta Utara,Pademangan,Ancol,14430D2,LE Mangga Dua Square,LE,Mangga Dua Square Lt. GF Blok C No. 98 - 99
Daerah Khusus Ibukota Jakarta,Jakarta Utara,Penjaringan,Pluit,14440A,Jakarta Utara Pluit,KPCDK,Jl. Pluit Kencana
Daerah Khusus Ibukota Jakarta,Jakarta Utara,Penjaringan,Penjaringan,14440D1,LE Muara Baru,LE,Jl. Muara Baru Ujung No. 67
Daerah Khusus Ibukota Jakarta,Jakarta Utara,Penjaringan,Kamal Muara,14450A,Jakarta Utara Teluk Gong,KPCDK,Jl. Kramat No. 99 A
Daerah Khusus Ibukota Jakarta,Jakarta Utara,Penjaringan,Pluit,14450D1,LE Muara Angke,LE,Jl. Dermaga Dok
Daerah Khusus Ibukota Jakarta,Jakarta Utara,Penjaringan,Kapuk Muara,14460D1,LE Kapuk Muara,LE,Jl. Kapuk Muara Raya No. 4
Daerah Khusus Ibukota Jakarta,Jakarta Utara,Penjaringan,Kamal Muara,14470A,Jakarta Utara Kamal Muara,KPCDK,Jl. Kamal Muara Raya No. 3
Daerah Khusus Ibukota Jakarta,Jakarta Utara,Penjaringan,Kamal Muara,14470D1,LE Pantai Indah Kapuk,LE,Jl. Kapuk Kamal Raya No. 18
Daerah Khusus Ibukota Jakarta,Kepulauan Seribu,Kepulauan Seribu,Pulau Pramuka,14530,Pulau Seribu,KPCLK,Pulau Pramuka
